{
    "feed": [
             {
             "title": "Hello world",
             "content": "This is forkingdog team. Here's our logo?\nGithub: \"forkingdog\"",
             "username": "forkingdog",
             "time": "2015.04.10",
             "imageName": "forkingdog"
             },
             {
             "title": "Team member - sunnyxx",
             "content": "Working at Baidu, Zhidao iOS team, weibo: @我就叫Sunny怎么了",
             "username": "sunnyxx",
             "time": "2015.04.11",
             "imageName": "sunnyxx"
             },
             {
             "title": "Team member - SinoJerk",
             "content": "Zhidao iOS team, Daifu Tang (aka 彪哥)",
             "username": "sinojerk",
             "time": "2015.04.15",
             "imageName": "sinojerk"
             },
             {
             "title": "Team member - Phil",
             "content": "Zhidao iOS team, Jiaqi Guo, Github: philcn",
             "username": "phil",
             "time": "2015.04.15",
             "imageName": "phil"
             },
             {
             "title": "William Shakespeare",
             "content": "Good name in man and woman, dear my lord, is the immediate jewel of their souls: Who steals my purse steals trash; ’tis something, nothing. (Othello 3.3) ",
             "username": "sunnyxx",
             "time": "2015.04.12",
             "imageName": "breaddoge"
             },
             {
             "title": "William Shakespeare",
             "content": "To be, or not to be —that is the question, Whether'tis nobler in the mind to suffer. The slings and arrows of outrageous fortune Or to take arms against a sea of troubles, And by opposing end them. To die —to sleep",
             "username": "sunnyxx",
             "time": "2015.04.16",
             "imageName": ""
             },
             {
             "title": "Sark's bad guy (gay)",
             "content": "",
             "username": "sunnyxx",
             "time": "2015.04.16",
             "imageName": "sark"
             },
             {
             "title": "",
             "content": "Things base and vile, holding no quantity, love can transpose to from and dignity: love looks not with the eyes, but with mind. (A Midsummer Night’s Dream 1.1)",
             "username": "sunnyxx",
             "time": "2015.04.17",
             "imageName": ""
             },
             {
             "title": "William Shakespeare",
             "content": "Good name in man and woman, dear my lord, is the immediate jewel of their souls: Who steals my purse steals trash; ’tis something, nothing. (Othello 3.3) ",
             "username": "sunnyxx",
             "time": "2015.04.12",
             "imageName": "breaddoge"
             },
             {
             "title": "William Shakespeare",
             "content": "To be, or not to be —that is the question, Whether'tis nobler in the mind to suffer. The slings and arrows of outrageous fortune Or to take arms against a sea of troubles, And by opposing end them. To die —to sleep",
             "username": "sunnyxx",
             "time": "2015.04.16",
             "imageName": ""
             },
             {
             "title": "Sark's bad guy (gay)",
             "content": "",
             "username": "sunnyxx",
             "time": "2015.04.16",
             "imageName": "sark"
             },
             {
             "title": "",
             "content": "Things base and vile, holding no quantity, love can transpose to from and dignity: love looks not with the eyes, but with mind. (A Midsummer Night’s Dream 1.1)",
             "username": "sunnyxx",
             "time": "2015.04.17",
             "imageName": ""
             },
             {
             "title": "William Shakespeare",
             "content": "To be, or not to be —that is the question, Whether'tis nobler in the mind to suffer. The slings and arrows of outrageous fortune Or to take arms against a sea of troubles, And by opposing end them. To die —to sleep",
             "username": "sunnyxx",
             "time": "2015.04.16",
             "imageName": ""
             },
             {
             "title": "Sark's bad guy (gay)",
             "content": "",
             "username": "sunnyxx",
             "time": "2015.04.16",
             "imageName": "sark"
             },
             {
             "title": "",
             "content": "Things base and vile, holding no quantity, love can transpose to from and dignity: love looks not with the eyes, but with mind. (A Midsummer Night’s Dream 1.1)",
             "username": "sunnyxx",
             "time": "2015.04.17",
             "imageName": ""
             },
             {
             "title": "William Shakespeare",
             "content": "To be, or not to be —that is the question, Whether'tis nobler in the mind to suffer. The slings and arrows of outrageous fortune Or to take arms against a sea of troubles, And by opposing end them. To die —to sleep",
             "username": "sunnyxx",
             "time": "2015.04.16",
             "imageName": ""
             },
             {
             "title": "Sark's bad guy (gay)",
             "content": "",
             "username": "sunnyxx",
             "time": "2015.04.16",
             "imageName": "sark"
             },
             {
             "title": "",
             "content": "Things base and vile, holding no quantity, love can transpose to from and dignity: love looks not with the eyes, but with mind. (A Midsummer Night’s Dream 1.1)",
             "username": "sunnyxx",
             "time": "2015.04.17",
             "imageName": ""
             }
             ]
}
